Sample,Chr,Pos,Ref,Mut,Gene,Poly,SIFT,Type,Gene ID,exome,Nucleotide,Protein
TN1,chr1,145115783,G,A,UNKNOWN,NA,NA,unknown,,,,
TN1,chr1,20471083,G,A,PLA2G2F,0.999,0.17,nonsynonymous SNV,NM_022819,exon4,c.G325A,p.A109T
TN1,chr1,90179160,G,A,LRRC8C,1,0.1,nonsynonymous SNV,NM_032270,exon3,c.G1031A,p.R344H
TN1,chr1,178410730,C,T,RASAL2,0.545,0,nonsynonymous SNV,NM_004841,exon5,c.C431T,p.S144F
TN1,chr1,1266738,G,A,TAS1R3,0.079,0.44,nonsynonymous SNV,NM_152228,exon1,c.G13A,p.A5T
TN1,chr1,145015877,G,T,PDE4DIP,0.961,0.14,nonsynonymous SNV,NM_022359,exon3,c.C424A,p.L142I
TN1,chr10,47087609,G,A,LOC100996758,0.963,0.01,nonsynonymous SNV,NM_001278795,exon1,c.G826A,p.V276M
TN1,chr14,88459448,C,G,GALC,1,0.17,nonsynonymous SNV,NM_000153,exon1,c.G61C,p.A21P
TN1,chr14,25101074,G,A,GZMB,0.017,0.01,nonsynonymous SNV,NM_004131,exon4,c.C590T,p.T197I
TN1,chr16,3299561,C,T,MEFV,0.543,0.1,nonsynonymous SNV,NM_001198536,exon2,c.G497A,p.R166H
TN1,chr17,21318826,G,A,KCNJ18,0.006,0.25,nonsynonymous SNV,NM_001194958,exon3,c.G172A,p.A58T
TN1,chr17,6599157,C,G,SLC13A5,0.768,0.14,nonsynonymous SNV,NM_177550,exon7,c.G943C,p.A315P
TN1,chr17,7577105,G,C,TP53,1,0,nonsynonymous SNV,NM_001276761,exon8,c.C716G,p.P239R
TN1,chr17,21318760,G,T,KCNJ18,0,0.45,nonsynonymous SNV,NM_001194958,exon3,c.G106T,p.V36L
TN1,chr17,80040537,C,G,FASN,0.525,0.18,nonsynonymous SNV,NM_004104,exon34,c.G5785C,p.V1929L
TN1,chr17,72767954,G,A,NAT9,0.003,0.2,nonsynonymous SNV,NM_015654,exon7,c.C533T,p.T178I
TN1,chr19,38974074,C,T,RYR1,1,0,nonsynonymous SNV,NM_001042723,exon33,c.C4852T,p.R1618C
TN1,chr19,16337257,G,A,AP1M1,0.154,0.05,nonsynonymous SNV,NM_001130524,exon7,c.G608A,p.R203H
TN1,chr2,110919268,T,C,NPHP1,0.019,0.21,nonsynonymous SNV,NM_001128179,exon8,c.A677G,p.Q226R
TN1,chr20,33762558,G,A,PROCR,1,0,nonsynonymous SNV,NM_006404,exon2,c.G124A,p.V42M
TN1,chr20,61542195,G,C,DIDO1,0.007,0.79,nonsynonymous SNV,NM_080796,exon3,c.C770G,p.P257R
TN1,chr20,61910283,A,C,ARFGAP1,0.999,0.19,nonsynonymous SNV,NM_001281482,exon7,c.A563C,p.N188T
TN1,chr22,30660126,C,T,OSM,0.186,0.81,nonsynonymous SNV,NM_020530,exon3,c.G505A,p.G169S
TN1,chr3,141162239,G,T,ZBTB38,0.94,NA,nonsynonymous SNV,NM_001080412,exon8,c.G1009T,p.V337F
TN1,chr4,85540561,G,A,CDS1,0.997,0.21,nonsynonymous SNV,NM_001263,exon5,c.G455A,p.C152Y
TN1,chr5,137495814,T,C,BRD8,0.988,0.28,nonsynonymous SNV,NM_139199,exon19,c.A2476G,p.S826G
TN1,chr6,43415464,G,T,ABCC10,0.911,0,nonsynonymous SNV,NM_033450,exon16,c.G3664T,p.D1222Y
TN1,chr7,97875257,G,A,TECPR1,NA,1,stopgain,NM_015395,exon3,c.C202T,p.R68X
TN1,chr7,104742576,A,G,KMT2E,0,0.53,nonsynonymous SNV,NM_182931,exon17,c.A2131G,p.I711V
TN1,chr9,140777299,G,T,CACNA1B,1,0.03,nonsynonymous SNV,NM_000718,exon3,c.G494T,p.G165V
TN1,chrX,90691609,G,T,PABPC5,0.002,0.05,nonsynonymous SNV,NM_080832,exon2,c.G1033T,p.V345L
TN2,chr1,6530630,G,A,PLEKHG5,0.794,0.3,nonsynonymous SNV,NM_001265592,exon16,c.C1853T,p.A618V
TN2,chr1,161130996,G,A,USP21,0.023,0.2,nonsynonymous SNV,NM_012475,exon2,c.G566A,p.R189Q
TN2,chr1,236645850,C,G,EDARADD,1,NA,nonsynonymous SNV,NM_145861,exon6,c.C549G,p.C183W
TN2,chr1,35227306,C,A,GJB4,0.048,0.25,nonsynonymous SNV,NM_153212,exon2,c.C451A,p.R151S
TN2,chr1,45811131,C,T,TESK2,1,0.04,nonsynonymous SNV,NM_007170,exon11,c.G1097A,p.R366Q
TN2,chr1,145112468,A,C,UNKNOWN,NA,NA,unknown,,,,
TN2,chr1,182922215,G,T,SHCBP1L,0.001,0.08,nonsynonymous SNV,NM_030933,exon1,c.C54A,p.S18R
TN2,chr10,128974457,T,C,FAM196A,0.61,0.59,nonsynonymous SNV,NM_001039762,exon4,c.A203G,p.Q68R
TN2,chr12,29670483,T,A,TMTC1,0.016,NA,nonsynonymous SNV,NM_175861,exon14,c.A1722T,p.K574N
TN2,chr14,95590786,G,C,DICER1,0.995,0.31,nonsynonymous SNV,NM_001195573,exon7,c.C1123G,p.P375A
TN2,chr16,21123085,G,A,DNAH3,0.997,0.08,nonsynonymous SNV,NM_017539,exon14,c.C1961T,p.S654F
TN2,chr16,70513541,G,C,FUK,0.023,0.28,nonsynonymous SNV,NM_145059,exon24,c.G3213C,p.K1071N
TN2,chr17,7577539,G,A,TP53,1,0,nonsynonymous SNV,NM_001276761,exon7,c.C625T,p.R209W
TN2,chr17,39022909,C,T,KRT12,0.203,0.01,nonsynonymous SNV,NM_000223,exon1,c.G530A,p.S177N
TN2,chr17,80274183,G,C,CD7,0.618,0.41,nonsynonymous SNV,NM_006137,exon3,c.C500G,p.A167G
TN2,chr17,21318867,G,A,KCNJ18,0,1,nonsynonymous SNV,NM_001194958,exon3,c.G213A,p.M71I
TN2,chr17,34948474,G,T,DHRS11,0.999,0,nonsynonymous SNV,NM_024308,exon1,c.G35T,p.R12L
TN2,chr18,50848460,G,A,DCC,0.563,0.04,nonsynonymous SNV,NM_005215,exon14,c.G2097A,p.M699I
TN2,chr19,10112309,G,T,COL5A3,0.281,0.5,nonsynonymous SNV,NM_015719,exon8,c.C1001A,p.T334N
TN2,chr19,40929119,G,A,SERTAD1,0.675,0.63,nonsynonymous SNV,NM_013376,exon2,c.C335T,p.S112L
TN2,chr19,49510398,G,A,RUVBL2,1,0.01,nonsynonymous SNV,NM_006666,exon5,c.G389A,p.R130H
TN2,chr2,1668757,G,A,PXDN,0.01,0.73,nonsynonymous SNV,NM_012293,exon11,c.C1381T,p.P461S
TN2,chr2,226446952,C,A,NYAP2,NA,1,stopgain,NM_020864,exon4,c.C819A,p.Y273X
TN2,chr3,39229142,C,T,XIRP1,1,0,nonsynonymous SNV,NM_001198621,exon2,c.G1795A,p.E599K
TN2,chr3,39226610,C,T,XIRP1,0,1,nonsynonymous SNV,NM_194293,exon2,c.G4327A,p.G1443S
TN2,chr4,70709884,C,A,SULT1E1,1,0,nonsynonymous SNV,NM_005420,exon7,c.G767T,p.R256I
TN2,chr4,89300101,A,G,HERC6,0.01,0.32,nonsynonymous SNV,NM_017912,exon1,c.A28G,p.R10G
TN2,chr5,9066568,C,G,SEMA5A,1,0.03,nonsynonymous SNV,NM_003966,exon17,c.G2264C,p.C755S
TN2,chr6,57398207,G,T,UNKNOWN,NA,NA,unknown,,,,
TN2,chr6,132054845,G,A,ENPP3,0.964,0.08,nonsynonymous SNV,NM_005021,exon21,c.G2071A,p.G691S
TN2,chr7,6502713,G,A,KDELR2,NA,0.01,stopgain,NM_001100603,exon4,c.C445T,p.Q149X
TN2,chr8,41798434,C,G,KAT6A,1,0.03,nonsynonymous SNV,NM_006766,exon15,c.G2965C,p.E989Q
TN2,chr8,77620164,G,A,ZFHX4,1,0.08,nonsynonymous SNV,NM_024721,exon3,c.G2974A,p.A992T
TN2,chr8,77768197,G,T,ZFHX4,0.853,0.03,nonsynonymous SNV,NM_024721,exon10,c.G9040T,p.V3014L
TN2,chr8,90965845,T,C,NBN,0.043,0.19,nonsynonymous SNV,NM_002485,exon11,c.A1472G,p.E491G
TN2,chr8,10470068,C,T,RP1L1,0.016,0.35,nonsynonymous SNV,NM_178857,exon4,c.G1540A,p.G514S
TN2,chr9,72783618,G,T,MAMDC2,0.105,0.23,nonsynonymous SNV,NM_153267,exon10,c.G1405T,p.V469L
TN2,chr9,74365228,C,A,TMEM2,0.668,0,nonsynonymous SNV,NM_013390,exon2,c.G62T,p.S21I
TN2,chrX,101159262,C,G,ZMAT1,1,0.01,nonsynonymous SNV,NM_001011657,exon3,c.G163C,p.D55H
TN3,chr1,248084471,A,G,OR2T8,0,0.22,nonsynonymous SNV,NM_001005522,exon1,c.A152G,p.H51R
TN3,chr1,151261641,G,T,ZNF687,NA,0,stopgain,NM_020832,exon4,c.G2365T,p.E789X
TN3,chr1,144921950,C,G,PDE4DIP,1,0,nonsynonymous SNV,NM_001198834,exon9,c.G1079C,p.R360T
TN3,chr1,144946701,C,T,PDE4DIP,0.006,1,nonsynonymous SNV,NM_001198834,exon5,c.G560A,p.R187K
TN3,chr1,204236624,G,C,PLEKHA6,0.994,0.13,nonsynonymous SNV,NM_014935,exon5,c.C259G,p.R87G
TN3,chr1,62740429,G,C,KANK4,0.779,0.21,nonsynonymous SNV,NM_181712,exon3,c.C347G,p.P116R
TN3,chr10,98741908,A,T,C10orf12,0.023,0.24,nonsynonymous SNV,NM_015652,exon1,c.A761T,p.N254I
TN3,chr11,1018279,C,G,MUC6,0.001,0.21,nonsynonymous SNV,NM_005961,exon31,c.G4522C,p.G1508R
TN3,chr11,1018303,G,A,MUC6,0.002,0.9,nonsynonymous SNV,NM_005961,exon31,c.C4498T,p.P1500S
TN3,chr11,1017655,G,A,MUC6,0.001,0.54,nonsynonymous SNV,NM_005961,exon31,c.C5146T,p.P1716S
TN3,chr11,1018341,G,A,MUC6,0.04,0.11,nonsynonymous SNV,NM_005961,exon31,c.C4460T,p.P1487L
TN3,chr11,46367120,A,G,DGKZ,0.447,0.37,nonsynonymous SNV,NM_201533,exon1,c.A161G,p.E54G
TN3,chr11,76814000,C,T,OMP,0.995,0.01,nonsynonymous SNV,NM_006189,exon1,c.C115T,p.R39C
TN3,chr11,73020633,G,C,ARHGEF17,0.039,0.17,nonsynonymous SNV,NM_014786,exon1,c.G950C,p.S317T
TN3,chr13,25670802,A,G,PABPC3,0,1,nonsynonymous SNV,NM_030979,exon1,c.A466G,p.K156E
TN3,chr16,838713,G,A,CHTF18,0.999,0.01,nonsynonymous SNV,NM_022092,exon1,c.G29A,p.G10D
TN3,chr16,1840903,C,T,IGFALS,0.863,0.56,nonsynonymous SNV,NM_004970,exon2,c.G1516A,p.G506R
TN3,chr16,2578607,G,C,AMDHD2,0.485,0.58,nonsynonymous SNV,NM_015944,exon8,c.G1017C,p.Q339H
TN3,chr17,38183265,G,A,MED24,0.033,0.11,nonsynonymous SNV,NM_014815,exon17,c.C1553T,p.T518I
TN3,chr17,21207813,T,G,MAP2K3,1,0,nonsynonymous SNV,NM_002756,exon8,c.T557G,p.L186W
TN3,chr17,7577082,C,T,TP53,0.999,0,nonsynonymous SNV,NM_001276761,exon8,c.G739A,p.E247K
TN3,chr17,11726319,G,A,DNAH9,1,0,nonsynonymous SNV,NM_001372,exon48,c.G9214A,p.G3072R
TN3,chr19,7709563,C,A,STXBP2,1,0,nonsynonymous SNV,NM_001127396,exon14,c.C1162A,p.P388T
TN3,chr20,24994614,C,T,ACSS1,0.918,0.03,nonsynonymous SNV,NM_032501,exon9,c.G1435A,p.V479I
TN3,chr20,62195830,C,T,HELZ2,0.912,0.14,nonsynonymous SNV,NM_033405,exon3,c.G2638A,p.V880M
TN3,chr22,19754091,A,C,TBX1,0,0.6,nonsynonymous SNV,NM_080647,exon9,c.A1189C,p.N397H
TN3,chr3,52379540,T,C,DNAH1,0,0.69,nonsynonymous SNV,NM_015512,exon10,c.T1474C,p.W492R
TN3,chr3,170725020,C,T,SLC2A2,0.364,0.34,nonsynonymous SNV,NM_000340,exon5,c.G529A,p.G177S
TN3,chr4,69885618,G,T,UNKNOWN,NA,NA,unknown,,,,
TN3,chr4,69885641,T,A,UNKNOWN,NA,NA,unknown,,,,
TN3,chr4,69885664,T,C,UNKNOWN,NA,NA,unknown,,,,
TN3,chr5,80382676,G,A,RASGRF2,0.914,0.08,nonsynonymous SNV,NM_006909,exon9,c.G1294A,p.D432N
TN3,chr5,147774361,G,T,FBXO38,0.341,0.02,nonsynonymous SNV,NM_001271723,exon2,c.G22T,p.V8L
TN3,chr6,144780362,C,G,UTRN,0.236,0.33,nonsynonymous SNV,NM_007124,exon20,c.C2579G,p.A860G
TN3,chr6,57244734,G,A,UNKNOWN,NA,NA,unknown,,,,
TN3,chr6,118598666,G,C,SLC35F1,0.078,0.17,nonsynonymous SNV,NM_001029858,exon6,c.G804C,p.M268I
TN3,chr8,105001567,A,G,RIMS2,0.001,0.24,nonsynonymous SNV,NM_001100117,exon17,c.A2962G,p.T988A
TN4,chr1,40430992,G,C,MFSD2A,0.012,0.7,nonsynonymous SNV,NM_001136493,exon4,c.G502C,p.E168Q
TN4,chr1,62971394,G,C,DOCK7,1,0,nonsynonymous SNV,NM_033407,exon35,c.C4477G,p.L1493V
TN4,chr1,89734417,C,G,GBP5,0.976,0.01,nonsynonymous SNV,NM_001134486,exon3,c.G313C,p.E105Q
TN4,chr1,94502814,G,C,ABCA4,0.982,0,nonsynonymous SNV,NM_000350,exon25,c.C3700G,p.P1234A
TN4,chr1,154557380,C,T,ADAR,0.468,0.04,nonsynonymous SNV,NM_015840,exon15,c.G3505A,p.A1169T
TN4,chr1,154920797,G,C,PBXIP1,0.987,0.49,nonsynonymous SNV,NM_020524,exon6,c.C455G,p.T152S
TN4,chr1,160589602,T,G,SLAMF1,0.445,0.04,nonsynonymous SNV,NM_003037,exon5,c.A828C,p.K276N
TN4,chr1,162735833,C,G,DDR2,0.001,0.27,nonsynonymous SNV,NM_006182,exon10,c.C1142G,p.P381R
TN4,chr1,182522649,C,T,RGSL1,NA,NA,nonsynonymous SNV,NM_001137669,exon19,c.C3103T,p.R1035W
TN4,chr1,186101511,G,C,HMCN1,0.974,0.3,nonsynonymous SNV,NM_031935,exon86,c.G13282C,p.V4428L
TN4,chr1,197159905,C,A,ZBTB41,0.894,0,nonsynonymous SNV,NM_194314,exon3,c.G1385T,p.S462I
TN4,chr1,201169512,G,C,IGFN1,NA,0.03,nonsynonymous SNV,NM_001164586,exon8,c.G606C,p.K202N
TN4,chr1,228558877,C,T,OBSCN,0.933,0.09,nonsynonymous SNV,NM_001271223,exon105,c.C23269T,p.L7757F
TN4,chr1,231665039,C,A,TSNAX,0.204,0.26,nonsynonymous SNV,NM_005999,exon2,c.C55A,p.P19T
TN4,chr1,28316313,C,A,EYA3,0.997,0,nonsynonymous SNV,NM_001282562,exon14,c.G1154T,p.S385I
TN4,chr1,877608,C,G,SAMD11,1,0,nonsynonymous SNV,NM_152486,exon9,c.C962G,p.P321R
TN4,chr10,89265224,G,T,MINPP1,1,0.05,nonsynonymous SNV,NM_004897,exon1,c.G552T,p.K184N
TN4,chr10,93668088,C,A,FGFBP3,0.099,0.33,nonsynonymous SNV,NM_152429,exon2,c.G639T,p.L213F
TN4,chr10,97917054,G,C,UNKNOWN,NA,NA,unknown,,,,
TN4,chr10,18270365,A,G,SLC39A12,0.013,0.51,nonsynonymous SNV,NM_001282734,exon5,c.A647G,p.H216R
TN4,chr10,26508103,G,A,GAD2,0.995,0.08,nonsynonymous SNV,NM_000818,exon4,c.G418A,p.E140K
TN4,chr11,34938001,A,G,PDHX,0,0.43,nonsynonymous SNV,NM_001135024,exon1,c.A83G,p.E28G
TN4,chr11,16133402,G,C,SOX6,1,0,nonsynonymous SNV,NM_033326,exon7,c.C845G,p.A282G
TN4,chr11,60557902,G,A,MS4A10,0.005,0.7,nonsynonymous SNV,NM_206893,exon2,c.G94A,p.A32T
TN4,chr11,63064786,G,T,SLC22A10,0.979,0.03,nonsynonymous SNV,NM_001039752,exon3,c.G518T,p.R173I
TN4,chr11,123601263,C,T,ZNF202,0.997,0.02,nonsynonymous SNV,NM_001301780,exon2,c.G334A,p.E112K
TN4,chr11,3239184,C,A,MRGPRG,NA,0.12,nonsynonymous SNV,NM_001164377,exon1,c.G860T,p.G287V
TN4,chr12,1137212,G,T,ERC1,1,0.12,nonsynonymous SNV,NM_178040,exon2,c.G143T,p.G48V
TN4,chr12,56320874,G,A,WIBG,0.058,0.17,nonsynonymous SNV,NM_001143853,exon1,c.C20T,p.T7I
TN4,chr12,56579962,G,C,SMARCC2,NA,1,stopgain,NM_139067,exon3,c.C294G,p.Y98X
TN4,chr12,112711591,A,C,HECTD4,0.995,0,nonsynonymous SNV,NM_001109662,exon11,c.T1378G,p.Y460D
TN4,chr12,50044505,G,T,FMNL3,1,0.7,nonsynonymous SNV,NM_198900,exon16,c.C1801A,p.R601S
TN4,chr12,53009064,T,A,KRT73,1,0,nonsynonymous SNV,NM_175068,exon3,c.A722T,p.K241M
TN4,chr12,64588374,G,A,C12orf66,0.992,NA,nonsynonymous SNV,NM_001300940,exon3,c.C586T,p.H196Y
TN4,chr12,108589728,T,C,WSCD2,0.015,0.12,nonsynonymous SNV,NM_014653,exon2,c.T119C,p.V40A
TN4,chr13,35751212,G,A,NBEA,0.999,0.01,nonsynonymous SNV,NM_015678,exon28,c.G4634A,p.R1545H
TN4,chr13,37602368,C,G,SUPT20H,0.781,0,nonsynonymous SNV,NM_001014286,exon14,c.G1068C,p.Q356H
TN4,chr13,103527837,G,C,BIVM-ERCC5,0.999,0.04,nonsynonymous SNV,NM_001204425,exon23,c.G4507C,p.D1503H
TN4,chr14,23530355,C,T,ACIN1,1,0.04,nonsynonymous SNV,NM_001164815,exon17,c.G3517A,p.D1173N
TN4,chr14,101349953,C,A,RTL1,0.012,0.18,nonsynonymous SNV,NM_001134888,exon1,c.G1173T,p.M391I
TN4,chr14,104497568,T,A,TDRD9,0.008,0.14,nonsynonymous SNV,NM_153046,exon29,c.T3406A,p.S1136T
TN4,chr14,33046399,C,T,AKAP6,1,0.01,nonsynonymous SNV,NM_004274,exon5,c.C2420T,p.P807L
TN4,chr14,77786868,C,T,POMT2,0,0.91,nonsynonymous SNV,NM_013382,exon1,c.G157A,p.E53K
TN4,chr14,20002286,A,G,POTEM,0.995,NA,nonsynonymous SNV,NM_001145442,exon7,c.T1136C,p.L379S
TN4,chr15,93198562,G,C,FAM174B,0.788,0.2,nonsynonymous SNV,NM_207446,exon1,c.C328G,p.L110V
TN4,chr15,65223763,A,C,ANKDD1A,0.274,0,nonsynonymous SNV,NM_182703,exon8,c.A748C,p.T250P
TN4,chr15,79586516,C,G,ANKRD34C,1,0,nonsynonymous SNV,NM_001146341,exon2,c.C890G,p.S297C
TN4,chr16,109419,G,A,RHBDF1,NA,0,stopgain,NM_022450,exon15,c.C1891T,p.Q631X
TN4,chr16,30510740,G,C,ITGAL,0.139,0.11,nonsynonymous SNV,NM_002209,exon17,c.G2075C,p.R692T
TN4,chr16,67424977,C,T,TPPP3,0.16,0.12,nonsynonymous SNV,NM_016140,exon3,c.G38A,p.S13N
TN4,chr17,72838738,C,G,GRIN2C,0.005,0.03,nonsynonymous SNV,NM_000835,exon13,c.G3538C,p.G1180R
TN4,chr17,27001330,G,C,SUPT6H,0.952,0.04,nonsynonymous SNV,NM_003170,exon3,c.G139C,p.D47H
TN4,chr17,33462367,T,A,NLE1,0.868,0.05,nonsynonymous SNV,NM_001014445,exon9,c.A239T,p.Q80L
TN4,chr17,72874519,G,C,FADS6,0,0.35,nonsynonymous SNV,NM_178128,exon6,c.C994G,p.R332G
TN4,chr17,79826942,G,T,ARHGDIA,0.02,0.48,nonsynonymous SNV,NM_001185077,exon6,c.C425A,p.T142N
TN4,chr17,7577094,G,A,TP53,1,0,nonsynonymous SNV,NM_001276761,exon8,c.C727T,p.R243W
TN4,chr17,27417925,C,T,MYO18A,1,0.04,nonsynonymous SNV,NM_203318,exon35,c.G5207A,p.R1736H
TN4,chr17,36830459,G,A,C17orf96,0.103,0,nonsynonymous SNV,NM_001130677,exon1,c.C290T,p.P97L
TN4,chr19,5687319,G,C,HSD11B1L,NA,NA,nonsynonymous SNV,NM_001267870,exon3,c.G100C,p.D34H
TN4,chr19,6222153,G,C,MLLT1,0.057,1,nonsynonymous SNV,NM_005934,exon6,c.C1089G,p.D363E
TN4,chr19,15291492,C,A,NOTCH3,1,0,nonsynonymous SNV,NM_000435,exon19,c.G3142T,p.G1048W
TN4,chr19,36003556,G,T,DMKN,0.972,0,nonsynonymous SNV,NM_001190349,exon2,c.C563A,p.P188H
TN4,chr19,38746969,T,A,PPP1R14A,0.557,0.27,nonsynonymous SNV,NM_001243947,exon1,c.A11T,p.Q4L
TN4,chr19,54647204,G,C,CNOT3,0.996,0,nonsynonymous SNV,NM_014516,exon4,c.G120C,p.Q40H
TN4,chr19,57640643,G,C,USP29,0.158,0.22,nonsynonymous SNV,NM_020903,exon4,c.G600C,p.L200F
TN4,chr19,58849757,G,A,ZSCAN22,0.012,0.38,nonsynonymous SNV,NM_181846,exon3,c.G541A,p.E181K
TN4,chr19,51170370,G,T,SHANK1,0.718,0.03,nonsynonymous SNV,NM_016148,exon22,c.C4847A,p.T1616N
TN4,chr19,1109307,C,T,SBNO2,0.002,0.14,nonsynonymous SNV,NM_014963,exon29,c.G3332A,p.R1111H
TN4,chr2,10908930,A,C,ATP6V1C2,0.993,0,nonsynonymous SNV,NM_001039362,exon6,c.A464C,p.K155T
TN4,chr2,27656923,A,C,NRBP1,0.974,0.26,nonsynonymous SNV,NM_013392,exon4,c.A401C,p.K134T
TN4,chr2,32515645,G,C,YIPF4,0.259,0.69,nonsynonymous SNV,NM_032312,exon2,c.G173C,p.R58T
TN4,chr2,88485623,C,A,THNSL2,0.026,0.2,nonsynonymous SNV,NM_018271,exon8,c.C1436A,p.A479D
TN4,chr2,105977776,G,C,FHL2,0.663,0.81,nonsynonymous SNV,NM_001450,exon6,c.C804G,p.D268E
TN4,chr2,120692414,G,A,PTPN4,0.997,0.14,nonsynonymous SNV,NM_002830,exon15,c.G1235A,p.R412Q
TN4,chr2,168105904,C,T,XIRP2,NA,0.53,stopgain,NM_001199144,exon7,c.C7336T,p.Q2446X
TN4,chr2,233349277,G,C,ECEL1,0.702,0.24,nonsynonymous SNV,NM_001290787,exon6,c.C1089G,p.I363M
TN4,chr20,9389808,C,T,PLCB4,0.911,0,nonsynonymous SNV,NM_182797,exon21,c.C1943T,p.S648L
TN4,chr22,23596042,C,T,BCR,NA,0.37,stopgain,NM_021574,exon2,c.C1336T,p.Q446X
TN4,chr22,24562702,G,C,CABIN1,0.188,0.34,nonsynonymous SNV,NM_001201429,exon31,c.G4953C,p.E1651D
TN4,chr3,50392850,G,A,TMEM115,0.007,0.25,nonsynonymous SNV,NM_007024,exon2,c.C980T,p.A327V
TN4,chr3,52831242,T,G,ITIH3,0.947,0.19,nonsynonymous SNV,NM_002217,exon5,c.T508G,p.Y170D
TN4,chr3,108361356,C,G,DZIP3,0.938,0,nonsynonymous SNV,NM_014648,exon13,c.C1136G,p.T379R
TN4,chr3,121395769,C,A,GOLGB1,NA,0.32,stopgain,NM_001256486,exon17,c.G9148T,p.E3050X
TN4,chr3,124385350,G,T,KALRN,NA,0.01,stopgain,NM_007064,exon13,c.G1306T,p.E436X
TN4,chr3,124449328,G,T,UMPS,0,0.78,nonsynonymous SNV,NM_000373,exon1,c.G10T,p.A4S
TN4,chr3,133362914,C,G,TOPBP1,0.998,0.63,nonsynonymous SNV,NM_007027,exon11,c.G1798C,p.G600R
TN4,chr3,151154824,G,C,IGSF10,0.881,0.95,nonsynonymous SNV,NM_001178145,exon2,c.C1606G,p.Q536E
TN4,chr3,178560678,C,A,KCNMB2,0.997,0.05,nonsynonymous SNV,NM_001278911,exon5,c.C661A,p.Q221K
TN4,chr3,184003307,C,A,ECE2,0.988,0.29,nonsynonymous SNV,NM_001100120,exon10,c.C1328A,p.T443K
TN4,chr3,53752749,T,A,CACNA1D,0.219,0.42,nonsynonymous SNV,NM_000720,exon11,c.T1519A,p.S507T
TN4,chr4,10566324,T,A,CLNK,0.049,0.79,nonsynonymous SNV,NM_052964,exon7,c.A370T,p.T124S
TN4,chr4,144361452,C,G,GAB1,1,0.12,nonsynonymous SNV,NM_207123,exon6,c.C1502G,p.P501R
TN4,chr4,77177479,C,G,FAM47E,0.98,0.05,nonsynonymous SNV,NM_001136570,exon2,c.C223G,p.L75V
TN4,chr4,94690473,G,A,GRID2,0.666,0,nonsynonymous SNV,NM_001286838,exon14,c.G2188A,p.A730T
TN4,chr4,190947570,C,G,FRG2,0,1,nonsynonymous SNV,NM_001005217,exon3,c.G300C,p.M100I
TN4,chr5,56181840,G,A,MAP3K1,0.999,0.08,nonsynonymous SNV,NM_005921,exon17,c.G4064A,p.R1355H
TN4,chr5,96328774,C,A,LNPEP,0.873,0.02,nonsynonymous SNV,NM_175920,exon5,c.C1145A,p.T382K
TN4,chr5,123980042,G,A,ZNF608,NA,NA,stopgain,NM_020747,exon5,c.C4018T,p.Q1340X
TN4,chr6,43251344,G,A,TTBK1,0,0.41,nonsynonymous SNV,NM_032538,exon14,c.G2866A,p.A956T
TN4,chr6,52878729,G,C,ICK,0.032,0.21,nonsynonymous SNV,NM_014920,exon9,c.C883G,p.Q295E
TN4,chr6,56484470,T,A,DST,0.972,0.49,nonsynonymous SNV,NM_001723,exon23,c.A4362T,p.E1454D
TN4,chr6,73902348,A,G,KCNQ5,0.569,0.19,nonsynonymous SNV,NM_001160132,exon13,c.A1800G,p.I600M
TN4,chr6,84290295,A,T,SNAP91,0.999,0,nonsynonymous SNV,NM_014841,exon23,c.T2173A,p.L725M
TN4,chr6,90052128,G,T,UBE2J1,0.999,0,nonsynonymous SNV,NM_016021,exon3,c.C152A,p.S51Y
TN4,chr6,131222231,G,A,EPB41L2,1,0.17,nonsynonymous SNV,NM_001135555,exon7,c.C1019T,p.T340I
TN4,chr6,157527683,C,G,ARID1B,0.999,0,nonsynonymous SNV,NM_020732,exon20,c.C5408G,p.S1803C
TN4,chr6,167571049,G,A,GPR31,0.139,0.05,nonsynonymous SNV,NM_005299,exon1,c.C271T,p.H91Y
TN4,chr6,42932080,G,A,PEX6,0.979,0.07,nonsynonymous SNV,NM_000287,exon17,c.C2936T,p.A979V
TN4,chr7,134644729,C,G,CALD1,0.995,0.02,nonsynonymous SNV,NM_033139,exon10,c.C1361G,p.T454R
TN4,chr7,141672872,G,T,TAS2R38,0.78,0.37,nonsynonymous SNV,NM_176817,exon1,c.C618A,p.F206L
TN4,chr7,151860206,G,C,KMT2C,0.982,0.16,nonsynonymous SNV,NM_170606,exon43,c.C10456G,p.Q3486E
TN4,chr7,56087399,G,A,PSPH,0.001,0.29,nonsynonymous SNV,NM_004577,exon5,c.C169T,p.P57S
TN4,chr7,149571095,G,A,ATP6V0E2,0.725,0,nonsynonymous SNV,NM_001289990,exon1,c.G88A,p.A30T
TN4,chr8,42045508,C,T,PLAT,1,0,nonsynonymous SNV,NM_033011,exon4,c.G142A,p.G48R
TN4,chr8,55538433,T,G,RP1,0.024,0,nonsynonymous SNV,NM_006269,exon4,c.T1991G,p.I664S
TN4,chr8,61769320,C,A,CHD7,0.155,0.53,nonsynonymous SNV,NM_017780,exon34,c.C7481A,p.T2494K
TN4,chr8,73849525,A,C,KCNB2,0.224,0.69,nonsynonymous SNV,NM_004770,exon3,c.A1935C,p.R645S
TN4,chr8,87590930,T,A,CNGB3,0.976,0.23,nonsynonymous SNV,NM_019098,exon17,c.A2090T,p.E697V
TN4,chr8,106814031,G,T,ZFPM2,1,0.12,nonsynonymous SNV,NM_012082,exon8,c.G1721T,p.R574L
TN4,chr8,145112436,G,A,OPLAH,0.779,0.04,nonsynonymous SNV,NM_017570,exon10,c.C1337T,p.S446F
TN4,chr8,10470130,C,T,RP1L1,0.017,0.15,nonsynonymous SNV,NM_178857,exon4,c.G1478A,p.R493Q
TN4,chr8,20110364,C,G,LZTS1,1,0.2,nonsynonymous SNV,NM_021020,exon2,c.G1078C,p.E360Q
TN4,chr9,127631595,G,A,ARPC5L,0.883,0,nonsynonymous SNV,NM_030978,exon1,c.G26A,p.R9H
TN4,chr9,104449246,C,G,GRIN3A,0.963,0.11,nonsynonymous SNV,NM_133445,exon2,c.G936C,p.Q312H
TN4,chr9,140372588,T,C,PNPLA7,0,0.88,nonsynonymous SNV,NM_152286,exon24,c.A2705G,p.H902R
TN4,chr9,141016441,A,G,CACNA1B,0.964,0.01,nonsynonymous SNV,NM_000718,exon46,c.A7010G,p.H2337R
TN4,chrX,49084787,C,G,CACNA1F,1,0,nonsynonymous SNV,NM_001256789,exon7,c.G940C,p.D314H
TN4,chrX,102968723,A,T,TMEM31,NA,1,stopgain,NM_182541,exon3,c.A304T,p.K102X
TN4,chrX,119664090,G,A,CUL4B,1,NA,nonsynonymous SNV,NM_003588,exon21,c.C2513T,p.T838I
TN4,chrX,153174897,C,T,ARHGAP4,0.998,NA,nonsynonymous SNV,NM_001164741,exon21,c.G2627A,p.R876Q
TN4,chrX,71787643,C,A,HDAC8,NA,0.48,nonsynonymous SNV,NM_001166422,exon5,c.G441T,p.E147D
TN4,chrX,110496354,C,G,CAPN6,0.624,0.08,nonsynonymous SNV,NM_014289,exon4,c.G388C,p.E130Q
TN5,chr1,17265416,G,T,CROCC,1,0.04,nonsynonymous SNV,NM_014675,exon12,c.G1387T,p.D463Y
TN5,chr1,24125397,T,C,GALE,0.999,0.01,nonsynonymous SNV,NM_001127621,exon2,c.A101G,p.N34S
TN5,chr1,36031043,G,A,NCDN,0.98,0.14,nonsynonymous SNV,NM_001014839,exon8,c.G1969A,p.A657T
TN5,chr1,85040070,C,A,CTBS,0.481,0.58,nonsynonymous SNV,NM_004388,exon1,c.G29T,p.R10L
TN5,chr1,156510514,G,A,IQGAP3,0.998,0,nonsynonymous SNV,NM_178229,exon23,c.C2725T,p.R909W
TN5,chr1,158636273,C,T,SPTA1,0.095,0.02,nonsynonymous SNV,NM_003126,exon16,c.G2053A,p.E685K
TN5,chr1,178426851,C,A,RASAL2,0,1,nonsynonymous SNV,NM_004841,exon12,c.C2001A,p.D667E
TN5,chr1,208269440,G,C,PLXNA2,1,0,nonsynonymous SNV,NM_025179,exon8,c.C1916G,p.S639C
TN5,chr1,235969662,T,C,LYST,1,0.23,nonsynonymous SNV,NM_001301365,exon6,c.A2774G,p.D925G
TN5,chr1,241261980,G,T,RGS7,1,0.07,nonsynonymous SNV,NM_002924,exon3,c.C161A,p.P54H
TN5,chr10,1284255,C,T,ADARB2,1,0,nonsynonymous SNV,NM_018702,exon5,c.G1300A,p.E434K
TN5,chr10,25701304,G,A,GPR158,1,0.2,nonsynonymous SNV,NM_020752,exon4,c.G1237A,p.D413N
TN5,chr10,30316222,G,A,KIAA1462,0,0.3,nonsynonymous SNV,NM_020848,exon3,c.C2855T,p.T952M
TN5,chr10,135440222,C,T,FRG2B,0.999,0.11,nonsynonymous SNV,NM_001080998,exon1,c.G25A,p.D9N
TN5,chr11,1018279,C,G,MUC6,0.001,0.21,nonsynonymous SNV,NM_005961,exon31,c.G4522C,p.G1508R
TN5,chr11,1018281,C,A,MUC6,0.48,0.16,nonsynonymous SNV,NM_005961,exon31,c.G4520T,p.S1507I
TN5,chr11,1018329,T,G,MUC6,0.043,0.53,nonsynonymous SNV,NM_005961,exon31,c.A4472C,p.K1491T
TN5,chr11,1018341,G,A,MUC6,0.04,0.11,nonsynonymous SNV,NM_005961,exon31,c.C4460T,p.P1487L
TN5,chr11,20623159,C,T,SLC6A5,0.998,0,nonsynonymous SNV,NM_004211,exon2,c.C488T,p.T163M
TN5,chr11,55110843,T,C,OR4A16,0,1,nonsynonymous SNV,NM_001005274,exon1,c.T167C,p.L56P
TN5,chr11,55110845,A,G,OR4A16,0.057,0.01,nonsynonymous SNV,NM_001005274,exon1,c.A169G,p.M57V
TN5,chr11,56143823,G,A,OR8U1,0.025,0.45,nonsynonymous SNV,NM_001005204,exon1,c.G724A,p.G242S
TN5,chr11,60184395,C,G,MS4A14,0.969,0.01,nonsynonymous SNV,NM_001261828,exon6,c.C2053G,p.Q685E
TN5,chr11,83544658,G,A,DLG2,1,NA,nonsynonymous SNV,NM_001364,exon12,c.C1406T,p.S469L
TN5,chr11,94277403,T,C,FUT4,0,0.26,nonsynonymous SNV,NM_002033,exon1,c.T104C,p.L35P
TN5,chr12,7169880,T,C,C1S,0,0.62,nonsynonymous SNV,NM_001734,exon3,c.T107C,p.V36A
TN5,chr12,32458904,A,G,BICD1,0.001,0.29,nonsynonymous SNV,NM_001003398,exon4,c.A853G,p.M285V
TN5,chr12,49444135,G,C,KMT2D,NA,0,stopgain,NM_003482,exon11,c.C3236G,p.S1079X
TN5,chr12,96400175,C,A,LTA4H,0.993,0.06,nonsynonymous SNV,NM_000895,exon16,c.G1447T,p.D483Y
TN5,chr12,113770592,G,C,SLC8B1,0.889,0.02,nonsynonymous SNV,NM_024959,exon2,c.C92G,p.S31C
TN5,chr13,95092279,C,T,DCT,0.991,0.11,nonsynonymous SNV,NM_001922,exon8,c.G1433A,p.G478E
TN5,chr14,58831085,T,G,ARID4A,0.001,0.68,nonsynonymous SNV,NM_002892,exon20,c.T2278G,p.L760V
TN5,chr14,69360390,G,C,ACTN1,NA,1,stopgain,NM_001130004,exon9,c.C837G,p.Y279X
TN5,chr14,94752495,C,A,SERPINA10,0.99,0.05,nonsynonymous SNV,NM_001100607,exon4,c.G1093T,p.A365S
TN5,chr15,92669372,G,A,SLCO3A1,0.999,0.27,nonsynonymous SNV,NM_001145044,exon6,c.G1256A,p.G419E
TN5,chr16,47196546,C,G,ITFG1,0.992,0.22,nonsynonymous SNV,NM_030790,exon15,c.G1483C,p.A495P
TN5,chr16,89656334,G,T,CPNE7,1,0,nonsynonymous SNV,NM_153636,exon11,c.G1091T,p.G364V
TN5,chr17,4594237,C,G,PELP1,0.002,0.38,nonsynonymous SNV,NM_014389,exon3,c.G516C,p.E172D
TN5,chr17,7187944,A,G,SLC2A4,0.144,0.3,nonsynonymous SNV,NM_001042,exon7,c.A868G,p.I290V
TN5,chr17,7573982,C,A,TP53,NA,0.01,stopgain,NM_001276761,exon10,c.G928T,p.E310X
TN5,chr17,59543222,C,A,TBX4,0.999,NA,nonsynonymous SNV,NM_018488,exon3,c.C324A,p.N108K
TN5,chr18,30795519,T,C,CCDC178,0.002,0.12,nonsynonymous SNV,NM_198995,exon18,c.A1959G,p.I653M
TN5,chr19,4217576,G,C,ANKRD24,0.965,0.21,nonsynonymous SNV,NM_133475,exon18,c.G2419C,p.E807Q
TN5,chr19,8669982,G,A,ADAMTS10,0.386,0.1,nonsynonymous SNV,NM_030957,exon4,c.C350T,p.A117V
TN5,chr19,8841736,G,T,OR2Z1,0.039,0,nonsynonymous SNV,NM_001004699,exon1,c.G346T,p.V116F
TN5,chr19,8999421,G,A,MUC16,0.984,0.05,nonsynonymous SNV,NM_024690,exon56,c.C40754T,p.T13585I
TN5,chr19,8999422,T,G,MUC16,0.986,0.01,nonsynonymous SNV,NM_024690,exon56,c.A40753C,p.T13585P
TN5,chr19,38905600,C,T,RASGRP4,0.997,0.12,nonsynonymous SNV,NM_170604,exon9,c.G1118A,p.R373H
TN5,chr2,88387472,G,A,SMYD1,0.994,0.13,nonsynonymous SNV,NM_198274,exon3,c.G406A,p.V136M
TN5,chr2,163138890,C,G,IFIH1,0.991,0.11,nonsynonymous SNV,NM_022168,exon6,c.G1292C,p.G431A
TN5,chr2,171702278,G,C,GAD1,0.955,0.43,nonsynonymous SNV,NM_000817,exon9,c.G930C,p.L310F
TN5,chr2,197641323,C,G,GTF3C3,0.014,0.12,nonsynonymous SNV,NM_012086,exon11,c.G1421C,p.R474P
TN5,chr2,202131281,C,G,CASP8,1,0.08,nonsynonymous SNV,NM_033355,exon3,c.C72G,p.F24L
TN5,chr2,220366664,G,T,GMPPA,0.74,0.09,nonsynonymous SNV,NM_205847,exon5,c.G334T,p.V112L
TN5,chr20,1099454,C,T,PSMF1,0.993,0.02,nonsynonymous SNV,NM_178578,exon2,c.C38T,p.P13L
TN5,chr20,18143174,A,G,CSRP2BP,0.827,0,nonsynonymous SNV,NM_020536,exon6,c.A1256G,p.E419G
TN5,chr20,20208915,C,G,CFAP61,0.996,0.03,nonsynonymous SNV,NM_015585,exon18,c.C1955G,p.T652R
TN5,chr22,46785190,G,C,CELSR1,0.988,0.12,nonsynonymous SNV,NM_014246,exon18,c.C6552G,p.H2184Q
TN5,chr3,52443574,G,A,BAP1,NA,0.92,stopgain,NM_004656,exon3,c.C118T,p.Q40X
TN5,chr3,127379823,G,T,PODXL2,0.363,0.87,nonsynonymous SNV,NM_015720,exon3,c.G952T,p.A318S
TN5,chr3,155215190,T,C,PLCH1,0.942,0.01,nonsynonymous SNV,NM_001130960,exon14,c.A1777G,p.K593E
TN5,chr3,164756918,G,A,SI,0.005,0.3,nonsynonymous SNV,NM_001041,exon20,c.C2249T,p.A750V
TN5,chr3,185304271,C,G,SENP2,0.668,0.06,nonsynonymous SNV,NM_021627,exon1,c.C70G,p.R24G
TN5,chr4,110615701,G,C,CASP6,1,0,nonsynonymous SNV,NM_032992,exon2,c.C196G,p.P66A
TN5,chr4,115750993,A,G,NDST4,1,0,nonsynonymous SNV,NM_022569,exon13,c.T2452C,p.C818R
TN5,chr4,121706191,G,T,PRDM5,0.999,0.21,nonsynonymous SNV,NM_001300824,exon10,c.C1151A,p.T384N
TN5,chr4,169325192,C,T,DDX60L,0.004,0.4,nonsynonymous SNV,NM_001291510,exon25,c.G3279A,p.M1093I
TN5,chr5,5232611,G,A,ADAMTS16,1,0,nonsynonymous SNV,NM_139056,exon12,c.G1832A,p.R611H
TN5,chr5,10402529,C,G,6-Mar,0.046,0.55,nonsynonymous SNV,NM_001270661,exon10,c.C772G,p.R258G
TN5,chr5,40765135,T,C,PRKAA1,1,0.05,nonsynonymous SNV,NM_006251,exon7,c.A1027G,p.R343G
TN5,chr5,90041074,T,G,GPR98,0.989,0.01,nonsynonymous SNV,NM_032119,exon51,c.T10761G,p.F3587L
TN5,chr5,130797633,G,A,RAPGEF6,0.562,0.02,nonsynonymous SNV,NM_001164386,exon19,c.C2629T,p.R877C
TN5,chr6,57398207,G,T,UNKNOWN,NA,NA,unknown,,,,
TN5,chr6,143093373,C,G,HIVEP2,0.39,0.1,nonsynonymous SNV,NM_006734,exon5,c.G2503C,p.E835Q
TN5,chr7,883246,G,C,SUN1,0.001,NA,nonsynonymous SNV,NM_001171945,exon7,c.G810C,p.L270F
TN5,chr7,12397132,G,A,VWDE,0.997,0.02,nonsynonymous SNV,NM_001135924,exon17,c.C3284T,p.P1095L
TN5,chr7,40118377,C,T,CDK13,1,NA,nonsynonymous SNV,NM_031267,exon11,c.C2956T,p.R986C
TN5,chr7,73097965,C,T,WBSCR22,0.999,0.01,nonsynonymous SNV,NM_001202560,exon1,c.C10T,p.R4C
TN5,chr7,150325392,G,T,GIMAP6,0.01,0.01,nonsynonymous SNV,NM_024711,exon3,c.C294A,p.N98K
TN5,chr8,12957678,C,T,DLC1,0,0.67,nonsynonymous SNV,NM_001164271,exon5,c.G635A,p.R212H
TN5,chr8,131833605,A,G,ADCY8,0.041,0.61,nonsynonymous SNV,NM_001115,exon13,c.T2737C,p.F913L
TN5,chr9,27212842,C,G,TEK,1,0.24,nonsynonymous SNV,NM_001290078,exon15,c.C2380G,p.L794V
TN5,chr9,120476623,G,T,TLR4,0.953,0.01,nonsynonymous SNV,NM_003266,exon4,c.G2097T,p.Q699H
TN5,chr9,140907645,C,G,CACNA1B,0.816,0.21,nonsynonymous SNV,NM_000718,exon18,c.C2225G,p.A742G
TN5,chrX,48783233,C,T,OTUD5,1,0.04,nonsynonymous SNV,NM_001136157,exon6,c.G1153A,p.D385N
TN5,chrX,71482594,A,T,PIN4,0.989,0,nonsynonymous SNV,NM_001170747,exon4,c.A350T,p.D117V
TN5,chrX,103045476,A,G,PLP1,0.409,0.24,nonsynonymous SNV,NM_001128834,exon8,c.A784G,p.T262A
TN5,chrX,128710451,T,A,OCRL,NA,1,stopgain,NM_000276,exon18,c.T2037A,p.C679X
TN5,chrX,129146562,C,A,BCORL1,0.999,0,nonsynonymous SNV,NM_021946,exon2,c.C95A,p.P32H
TN5,chrX,154250730,C,A,F8,1,0,nonsynonymous SNV,NM_000132,exon1,c.G98T,p.W33L
TN5,chrX,154250731,A,T,F8,1,0,nonsynonymous SNV,NM_000132,exon1,c.T97A,p.W33R